﻿id,plantilla,curso,evaluacion,fecha,grupo_o_estudiante,estructura,programacion,teoria,ia,reflexion,presentacion,nota_final,observaciones,created_at,observaciones_raw
1,Agroindustrial,,,2025-11-01,-,4.5,4.5,3.5,3.0,3.5,3.5,3.8,Estructura y claridad del Notebook — 4. Buena organización y secciones bien identificadas. | Programación y calidad del código — 4. Código bien documentado y modular; pruebas básicas incluidas. | Fundamentos teóricos — 4. Demuestra buen dominio teórico con referencias claras. | Aplicación de técnicas de IA — 3. Uso aceptable de técnicas de IA con resultados básicos. | Reflexión y autoevaluación — 4. Buena capacidad de autoevaluación y discusión de mejoras. | Presentación y entrega — 4. Presentación profesional y bien estructurada.,2025-11-01 13:43:18,"Estructura y claridad del Notebook — 4. Buena organización y secciones bien identificadas.
Programación y calidad del código — 4. Código bien documentado y modular; pruebas básicas incluidas.
Fundamentos teóricos — 4. Demuestra buen dominio teórico con referencias claras.
Aplicación de técnicas de IA — 3. Uso aceptable de técnicas de IA con resultados básicos.
Reflexión y autoevaluación — 4. Buena capacidad de autoevaluación y discusión de mejoras.
Presentación y entrega — 4. Presentación profesional y bien estructurada."
2,Agroindustrial,,,2025-11-01,Grupo 1,3.0,3.0,3.0,3.0,3.0,3.0,3.0,Estructura y claridad del Notebook — 3. Estructura aceptable con secciones principales presentes. | Programación y calidad del código — 3. Código funcional y razonablemente estructurado. | Fundamentos teóricos — 3. Cobertura adecuada de los fundamentos teóricos. | Aplicación de técnicas de IA — 3. Uso aceptable de técnicas de IA con resultados básicos. | Reflexión y autoevaluación — 3. Reflexión adecuada con algunas ideas críticas. | Presentación y entrega — 3. Presentación clara con algunos detalles a pulir.,2025-11-01 13:57:54,"Estructura y claridad del Notebook — 3. Estructura aceptable con secciones principales presentes.
Programación y calidad del código — 3. Código funcional y razonablemente estructurado.
Fundamentos teóricos — 3. Cobertura adecuada de los fundamentos teóricos.
Aplicación de técnicas de IA — 3. Uso aceptable de técnicas de IA con resultados básicos.
Reflexión y autoevaluación — 3. Reflexión adecuada con algunas ideas críticas.
Presentación y entrega — 3. Presentación clara con algunos detalles a pulir."
3,Agroindustrial,,,2025-11-01,Grupo 1,4.5,3.0,3.0,3.0,3.0,3.0,3.22,Estructura y claridad del Notebook — 4. Buena organización y secciones bien identificadas. | Programación y calidad del código — 3. Código funcional y razonablemente estructurado. | Fundamentos teóricos — 3. Cobertura adecuada de los fundamentos teóricos. | Aplicación de técnicas de IA — 3. Uso aceptable de técnicas de IA con resultados básicos. | Reflexión y autoevaluación — 3. Reflexión adecuada con algunas ideas críticas. | Presentación y entrega — 3. Presentación clara con algunos detalles a pulir.,2025-11-01 21:18:54,"Estructura y claridad del Notebook — 4. Buena organización y secciones bien identificadas.
Programación y calidad del código — 3. Código funcional y razonablemente estructurado.
Fundamentos teóricos — 3. Cobertura adecuada de los fundamentos teóricos.
Aplicación de técnicas de IA — 3. Uso aceptable de técnicas de IA con resultados básicos.
Reflexión y autoevaluación — 3. Reflexión adecuada con algunas ideas críticas.
Presentación y entrega — 3. Presentación clara con algunos detalles a pulir."
4,Agroindustrial,,,2025-11-01,-,,,,,,,0.0,,2025-11-01 21:19:41,
